{
    "status": 200,
    "query": {
        "country": "CO",
        "year": "2020"
    },
    "requestId": "20b395c6-4637-4acd-81a0-506abf84d494",
    "holidays": [{
        "id": "20200101_4ed3a203d058780b0415f037a6ae852d",
        "name": "New Year's Day",
        "date": "2020-01-01",
        "observed": "2020-01-01",
        "substitute": false,
        "start": "2020-01-01T00:00:00Z",
        "end": "2020-01-01T23:59:59Z",
        "type": "public",
        "public": true,
        "country": "CO",
        "subdivisions": []
    }, {
        "id": "20200106_64412403c5505630bae74898d8e66097",
        "name": "Epiphany",
        "date": "2020-01-06",
        "observed": "2020-01-06",
        "substitute": false,
        "start": "2020-01-06T00:00:00Z",
        "end": "2020-01-06T23:59:59Z",
        "type": "public",
        "public": true,
        "country": "CO",
        "subdivisions": []
    }, {
        "id": "20200303_58a20f095b8c29df415b9f4557f9bd69",
        "name": "World Wildlife Day",
        "date": "2020-03-03",
        "observed": "2020-03-03",
        "substitute": false,
        "start": "2020-03-03T00:00:00Z",
        "end": "2020-03-03T23:59:59Z",
        "type": "observance",
        "public": false,
        "country": "CO",
        "subdivisions": []
    }, {
        "id": "20200308_886a30284a8edbbbe71fe41da0ad7ee1",
        "name": "International Women's Day",
        "date": "2020-03-08",
        "observed": "2020-03-08",
        "substitute": false,
        "start": "2020-03-08T00:00:00Z",
        "end": "2020-03-08T23:59:59Z",
        "type": "observance",
        "public": false,
        "country": "CO",
        "subdivisions": []
    }, {
        "id": "20200319_57e7f4a988cbdddad68687e88448fa1b",
        "name": "Saint Joseph's Day",
        "date": "2020-03-19",
        "observed": "2020-03-23",
        "substitute": true,
        "start": "2020-03-19T00:00:00Z",
        "end": "2020-03-19T23:59:59Z",
        "type": "public",
        "public": true,
        "country": "CO",
        "subdivisions": []
    }, {
        "id": "20200320_3469f22b87d3da245f7f0bfdeb73d10e",
        "name": "March Equinox",
        "date": "2020-03-20",
        "observed": "2020-03-20",
        "substitute": false,
        "start": "2020-03-20T00:00:00Z",
        "end": "2020-03-20T23:59:59Z",
        "type": "observance",
        "public": false,
        "country": "CO",
        "subdivisions": []
    }, {
        "id": "20200405_e8ca8e87a6d33129b18b137f04bb4c5f",
        "name": "Palm Sunday",
        "date": "2020-04-05",
        "observed": "2020-04-05",
        "substitute": false,
        "start": "2020-04-05T00:00:00Z",
        "end": "2020-04-05T23:59:59Z",
        "type": "observance",
        "public": false,
        "country": "CO",
        "subdivisions": []
    }, {
        "id": "20200409_ca37f64cba909d4a0ccfbb7cc04614c6",
        "name": "Maundy Thursday",
        "date": "2020-04-09",
        "observed": "2020-04-09",
        "substitute": false,
        "start": "2020-04-09T00:00:00Z",
        "end": "2020-04-09T23:59:59Z",
        "type": "public",
        "public": true,
        "country": "CO",
        "subdivisions": []
    }, {
        "id": "20200410_3d18c412c57ef825da9848ef86be979c",
        "name": "Good Friday",
        "date": "2020-04-10",
        "observed": "2020-04-10",
        "substitute": false,
        "start": "2020-04-10T00:00:00Z",
        "end": "2020-04-10T23:59:59Z",
        "type": "public",
        "public": true,
        "country": "CO",
        "subdivisions": []
    }, {
        "id": "20200411_0802d302f276c48f8d0c5f2f7ae0b414",
        "name": "Holy Saturday",
        "date": "2020-04-11",
        "observed": "2020-04-11",
        "substitute": false,
        "start": "2020-04-11T00:00:00Z",
        "end": "2020-04-11T23:59:59Z",
        "type": "observance",
        "public": false,
        "country": "CO",
        "subdivisions": []
    }, {
        "id": "20200412_807d79dfaef1f366e237d0a379d7804e",
        "name": "Easter",
        "date": "2020-04-12",
        "observed": "2020-04-12",
        "substitute": false,
        "start": "2020-04-12T00:00:00Z",
        "end": "2020-04-12T23:59:59Z",
        "type": "observance",
        "public": false,
        "country": "CO",
        "subdivisions": []
    }, {
        "id": "20200423_5cbc8a8057caf800fc2876c59b291c44",
        "name": "Language Day",
        "date": "2020-04-23",
        "observed": "2020-04-23",
        "substitute": false,
        "start": "2020-04-23T00:00:00Z",
        "end": "2020-04-23T23:59:59Z",
        "type": "observance",
        "public": false,
        "country": "CO",
        "subdivisions": []
    }, {
        "id": "20200425_4a7886e6be5207e94b5cfd80159e176a",
        "name": "Children's Day",
        "date": "2020-04-25",
        "observed": "2020-04-25",
        "substitute": false,
        "start": "2020-04-25T00:00:00Z",
        "end": "2020-04-25T23:59:59Z",
        "type": "observance",
        "public": false,
        "country": "CO",
        "subdivisions": []
    }, {
        "id": "20200426_15d9598e0d0d6d5b86d345cad539c8e3",
        "name": "Secretaries' Day",
        "date": "2020-04-26",
        "observed": "2020-04-26",
        "substitute": false,
        "start": "2020-04-26T00:00:00Z",
        "end": "2020-04-26T23:59:59Z",
        "type": "observance",
        "public": false,
        "country": "CO",
        "subdivisions": []
    }, {
        "id": "20200429_6d80dec30ce9c6c78178aa30537ad3f2",
        "name": "Day of Trees",
        "date": "2020-04-29",
        "observed": "2020-04-29",
        "substitute": false,
        "start": "2020-04-29T00:00:00Z",
        "end": "2020-04-29T23:59:59Z",
        "type": "observance",
        "public": false,
        "country": "CO",
        "subdivisions": []
    }, {
        "id": "20200501_18020e74c8707d64163fec033004a405",
        "name": "Labor Day",
        "date": "2020-05-01",
        "observed": "2020-05-01",
        "substitute": false,
        "start": "2020-05-01T00:00:00Z",
        "end": "2020-05-01T23:59:59Z",
        "type": "public",
        "public": true,
        "country": "CO",
        "subdivisions": []
    }, {
        "id": "20200510_67aeb14c90e7b4400c171aeb1080ac80",
        "name": "Mother's Day",
        "date": "2020-05-10",
        "observed": "2020-05-10",
        "substitute": false,
        "start": "2020-05-10T00:00:00Z",
        "end": "2020-05-10T23:59:59Z",
        "type": "observance",
        "public": false,
        "country": "CO",
        "subdivisions": []
    }, {
        "id": "20200515_19cb1c7be413ac6fdff50c37eebd6268",
        "name": "Teacher's Day",
        "date": "2020-05-15",
        "observed": "2020-05-15",
        "substitute": false,
        "start": "2020-05-15T00:00:00Z",
        "end": "2020-05-15T23:59:59Z",
        "type": "observance",
        "public": false,
        "country": "CO",
        "subdivisions": []
    }, {
        "id": "20200521_d0c62706edfa9b713f370b20e93c542c",
        "name": "Feast of the Ascension of Jesus Christ",
        "date": "2020-05-21",
        "observed": "2020-05-25",
        "substitute": true,
        "start": "2020-05-21T00:00:00Z",
        "end": "2020-05-21T23:59:59Z",
        "type": "public",
        "public": true,
        "country": "CO",
        "subdivisions": []
    }, {
        "id": "20200611_6bb2e9fc880927f7c0f969105fb9d1b8",
        "name": "Feast of Corpus Christi",
        "date": "2020-06-11",
        "observed": "2020-06-15",
        "substitute": true,
        "start": "2020-06-11T00:00:00Z",
        "end": "2020-06-11T23:59:59Z",
        "type": "public",
        "public": true,
        "country": "CO",
        "subdivisions": []
    }, {
        "id": "20200619_7e6b127b5a296b37f2bd993e89192c94",
        "name": "Sacred Heart",
        "date": "2020-06-19",
        "observed": "2020-06-22",
        "substitute": true,
        "start": "2020-06-19T00:00:00Z",
        "end": "2020-06-19T23:59:59Z",
        "type": "public",
        "public": true,
        "country": "CO",
        "subdivisions": []
    }, {
        "id": "20200620_6497ad4f7040cd5262752ca329132c39",
        "name": "June Solstice",
        "date": "2020-06-20",
        "observed": "2020-06-20",
        "substitute": false,
        "start": "2020-06-20T00:00:00Z",
        "end": "2020-06-20T23:59:59Z",
        "type": "observance",
        "public": false,
        "country": "CO",
        "subdivisions": []
    }, {
        "id": "20200621_bb8725f4548d0585cfcb7a3bd888c187",
        "name": "Father's Day",
        "date": "2020-06-21",
        "observed": "2020-06-21",
        "substitute": false,
        "start": "2020-06-21T00:00:00Z",
        "end": "2020-06-21T23:59:59Z",
        "type": "observance",
        "public": false,
        "country": "CO",
        "subdivisions": []
    }, {
        "id": "20200629_c3693c32de8683341069861d69fb0086",
        "name": "Saint Peter and Saint Paul",
        "date": "2020-06-29",
        "observed": "2020-06-29",
        "substitute": false,
        "start": "2020-06-29T00:00:00Z",
        "end": "2020-06-29T23:59:59Z",
        "type": "public",
        "public": true,
        "country": "CO",
        "subdivisions": []
    }, {
        "id": "20200630_ca1f35827abc648923acf71f0160db4b",
        "name": "International Asteroid Day",
        "date": "2020-06-30",
        "observed": "2020-06-30",
        "substitute": false,
        "start": "2020-06-30T00:00:00Z",
        "end": "2020-06-30T23:59:59Z",
        "type": "observance",
        "public": false,
        "country": "CO",
        "subdivisions": []
    }, {
        "id": "20200718_ce87daafd7db990d848f859015c5e548",
        "name": "Nelson Mandela International Day",
        "date": "2020-07-18",
        "observed": "2020-07-18",
        "substitute": false,
        "start": "2020-07-18T00:00:00Z",
        "end": "2020-07-18T23:59:59Z",
        "type": "observance",
        "public": false,
        "country": "CO",
        "subdivisions": []
    }, {
        "id": "20200720_7200e9b3aeabd78ed9e2dc73f6d95f94",
        "name": "Declaration of Independence",
        "date": "2020-07-20",
        "observed": "2020-07-20",
        "substitute": false,
        "start": "2020-07-20T00:00:00Z",
        "end": "2020-07-20T23:59:59Z",
        "type": "public",
        "public": true,
        "country": "CO",
        "subdivisions": []
    }, {
        "id": "20200807_7d7a3740130259b2f06692fff3e578c7",
        "name": "Battle of Boyacá Day",
        "date": "2020-08-07",
        "observed": "2020-08-07",
        "substitute": false,
        "start": "2020-08-07T00:00:00Z",
        "end": "2020-08-07T23:59:59Z",
        "type": "public",
        "public": true,
        "country": "CO",
        "subdivisions": []
    }, {
        "id": "20200815_de102a401f337b86d91f5e58de28a37b",
        "name": "Assumption of Mary",
        "date": "2020-08-15",
        "observed": "2020-08-17",
        "substitute": true,
        "start": "2020-08-15T00:00:00Z",
        "end": "2020-08-15T23:59:59Z",
        "type": "public",
        "public": true,
        "country": "CO",
        "subdivisions": []
    }, {
        "id": "20200919_cbf15d20e05da3e41316b7ea9af46a85",
        "name": "Valentine's Day",
        "date": "2020-09-19",
        "observed": "2020-09-19",
        "substitute": false,
        "start": "2020-09-19T00:00:00Z",
        "end": "2020-09-19T23:59:59Z",
        "type": "observance",
        "public": false,
        "country": "CO",
        "subdivisions": []
    }, {
        "id": "20200922_7aad4c063e7b50c7e903bcb91cfe72ec",
        "name": "September Equinox",
        "date": "2020-09-22",
        "observed": "2020-09-22",
        "substitute": false,
        "start": "2020-09-22T00:00:00Z",
        "end": "2020-09-22T23:59:59Z",
        "type": "observance",
        "public": false,
        "country": "CO",
        "subdivisions": []
    }, {
        "id": "20201012_17364ceb4f0733465fa3392bade9f876",
        "name": "Columbus Day",
        "date": "2020-10-12",
        "observed": "2020-10-12",
        "substitute": false,
        "start": "2020-10-12T00:00:00Z",
        "end": "2020-10-12T23:59:59Z",
        "type": "public",
        "public": true,
        "country": "CO",
        "subdivisions": []
    }, {
        "id": "20201031_2971af4f3f37fcda1a8538df230e53a5",
        "name": "Halloween",
        "date": "2020-10-31",
        "observed": "2020-10-31",
        "substitute": false,
        "start": "2020-10-31T00:00:00Z",
        "end": "2020-10-31T23:59:59Z",
        "type": "observance",
        "public": false,
        "country": "CO",
        "subdivisions": []
    }, {
        "id": "20201101_779e7794496ae211f5423b8e455cf98d",
        "name": "All Saints' Day",
        "date": "2020-11-01",
        "observed": "2020-11-02",
        "substitute": true,
        "start": "2020-11-01T00:00:00Z",
        "end": "2020-11-01T23:59:59Z",
        "type": "public",
        "public": true,
        "country": "CO",
        "subdivisions": []
    }, {
        "id": "20201111_5432192d3cf095bcdbca56228ca72562",
        "name": "Independence of Cartagena",
        "date": "2020-11-11",
        "observed": "2020-11-16",
        "substitute": true,
        "start": "2020-11-11T00:00:00Z",
        "end": "2020-11-11T23:59:59Z",
        "type": "public",
        "public": true,
        "country": "CO",
        "subdivisions": []
    }, {
        "id": "20201114_7f004dfa84b762afda7fc5ce11d230f8",
        "name": "Colombian Women's Day",
        "date": "2020-11-14",
        "observed": "2020-11-14",
        "substitute": false,
        "start": "2020-11-14T00:00:00Z",
        "end": "2020-11-14T23:59:59Z",
        "type": "observance",
        "public": false,
        "country": "CO",
        "subdivisions": []
    }, {
        "id": "20201207_02a0cb218eacabf5ccafdacc7c4cf613",
        "name": "Feast of the Immaculate Conception Eve",
        "date": "2020-12-07",
        "observed": "2020-12-07",
        "substitute": false,
        "start": "2020-12-07T00:00:00Z",
        "end": "2020-12-07T23:59:59Z",
        "type": "observance",
        "public": false,
        "country": "CO",
        "subdivisions": []
    }, {
        "id": "20201208_78f11c9052aeb408d1564954a4f0576d",
        "name": "Feast of the Immaculate Conception",
        "date": "2020-12-08",
        "observed": "2020-12-08",
        "substitute": false,
        "start": "2020-12-08T00:00:00Z",
        "end": "2020-12-08T23:59:59Z",
        "type": "public",
        "public": true,
        "country": "CO",
        "subdivisions": []
    }, {
        "id": "20201221_be5a083b152371431d9c234f2cb3126a",
        "name": "December Solstice",
        "date": "2020-12-21",
        "observed": "2020-12-21",
        "substitute": false,
        "start": "2020-12-21T00:00:00Z",
        "end": "2020-12-21T23:59:59Z",
        "type": "observance",
        "public": false,
        "country": "CO",
        "subdivisions": []
    }, {
        "id": "20201224_3e9f6eef0ce5d8246315af7d9d363271",
        "name": "Christmas Eve",
        "date": "2020-12-24",
        "observed": "2020-12-24",
        "substitute": false,
        "start": "2020-12-24T00:00:00Z",
        "end": "2020-12-24T23:59:59Z",
        "type": "observance",
        "public": false,
        "country": "CO",
        "subdivisions": []
    }, {
        "id": "20201225_1a66dcfe9591e1a4c86ffc9ef8589735",
        "name": "Christmas Day",
        "date": "2020-12-25",
        "observed": "2020-12-25",
        "substitute": false,
        "start": "2020-12-25T00:00:00Z",
        "end": "2020-12-25T23:59:59Z",
        "type": "public",
        "public": true,
        "country": "CO",
        "subdivisions": []
    }, {
        "id": "20201231_8d481421226ef7a67b7ffb76e389e793",
        "name": "New Year's Eve",
        "date": "2020-12-31",
        "observed": "2020-12-31",
        "substitute": false,
        "start": "2020-12-31T00:00:00Z",
        "end": "2020-12-31T23:59:59Z",
        "type": "observance",
        "public": false,
        "country": "CO",
        "subdivisions": []
    }],
    "availableFilters": {
        "language": ["af", "am", "ar", "az", "be", "bg", "bn", "bs", "ca", "ceb", "co", "cs", "cy", "da", "de", "el", "en", "eo", "es", "et", "eu", "fa", "fi", "fr", "fy", "ga", "gd", "gl", "gu", "ha", "haw", "he", "hi", "hmn", "hr", "ht", "hu", "hy", "id", "ig", "is", "it", "ja", "jw", "ka", "kk", "km", "kn", "ko", "ku", "ky", "la", "lb", "lo", "lt", "lv", "mg", "mi", "mk", "ml", "mn", "mr", "ms", "mt", "my", "ne", "nl", "no", "ny", "or", "pa", "pl", "ps", "pt", "ro", "ru", "rw", "sd", "si", "sk", "sl", "sm", "sn", "so", "sq", "sr", "st", "su", "sv", "sw", "ta", "te", "tg", "th", "tk", "tl", "tr", "tt", "ug", "uk", "ur", "uz", "vi", "xh", "yi", "yo", "zh", "zh-TW", "zu"]
    }
}