{"status":200,"query":{"country":"PL","year":"2020"},"requestId":"c30efc57-b099-421f-b270-53304d6294a7","holidays":[{"id":"20200101_7b8288babc5dd6fa3dd6520884b3ae9c","name":"New Year's Day","date":"2020-01-01","observed":"2020-01-01","substitute":false,"start":"2020-01-01T00:00:00Z","end":"2020-01-01T23:59:59Z","type":"public","public":true,"country":"PL","subdivisions":[]},{"id":"20200106_57b934051701087f56f65a304638b6b7","name":"Epiphany","date":"2020-01-06","observed":"2020-01-06","substitute":false,"start":"2020-01-06T00:00:00Z","end":"2020-01-06T23:59:59Z","type":"public","public":true,"country":"PL","subdivisions":[]},{"id":"20200121_1bb45129b831dfa756eb88873ec328ed","name":"Grandmother's Day","date":"2020-01-21","observed":"2020-01-21","substitute":false,"start":"2020-01-21T00:00:00Z","end":"2020-01-21T23:59:59Z","type":"observance","public":false,"country":"PL","subdivisions":[]},{"id":"20200122_ec09b05db1d61a5274b826a77962a0ca","name":"Grandfather's Day","date":"2020-01-22","observed":"2020-01-22","substitute":false,"start":"2020-01-22T00:00:00Z","end":"2020-01-22T23:59:59Z","type":"observance","public":false,"country":"PL","subdivisions":[]},{"id":"20200127_eabf1ec6251e38e447df86de53de9faf","name":"Public Employment Services Workers' Day","date":"2020-01-27","observed":"2020-01-27","substitute":false,"start":"2020-01-27T00:00:00Z","end":"2020-01-27T23:59:59Z","type":"observance","public":false,"country":"PL","subdivisions":[]},{"id":"20200202_790590403c33e458fbd961ec210f4747","name":"Traders' Day","date":"2020-02-02","observed":"2020-02-02","substitute":false,"start":"2020-02-02T00:00:00Z","end":"2020-02-02T23:59:59Z","type":"observance","public":false,"country":"PL","subdivisions":[]},{"id":"20200208_c0ff4aa60ac1b95c2aab85f02140fda7","name":"Prison Service Day","date":"2020-02-08","observed":"2020-02-08","substitute":false,"start":"2020-02-08T00:00:00Z","end":"2020-02-08T23:59:59Z","type":"observance","public":false,"country":"PL","subdivisions":[]},{"id":"20200214_ccadca901e883aa791c29c37d1bb9b0f","name":"Valentine's Day","date":"2020-02-14","observed":"2020-02-14","substitute":false,"start":"2020-02-14T00:00:00Z","end":"2020-02-14T23:59:59Z","type":"observance","public":false,"country":"PL","subdivisions":[]},{"id":"20200217_54eea92f74ca41224905f282ac024894","name":"Cat's Day","date":"2020-02-17","observed":"2020-02-17","substitute":false,"start":"2020-02-17T00:00:00Z","end":"2020-02-17T23:59:59Z","type":"observance","public":false,"country":"PL","subdivisions":[]},{"id":"20200220_4966bd7045589eceae46544ac6d8ffa2","name":"Fat Thursday","date":"2020-02-20","observed":"2020-02-20","substitute":false,"start":"2020-02-20T00:00:00Z","end":"2020-02-20T23:59:59Z","type":"observance","public":false,"country":"PL","subdivisions":[]},{"id":"20200222_8c226744aa8c171a2e7f1bbd22351ca1","name":"Crime Victims Day","date":"2020-02-22","observed":"2020-02-22","substitute":false,"start":"2020-02-22T00:00:00Z","end":"2020-02-22T23:59:59Z","type":"observance","public":false,"country":"PL","subdivisions":[]},{"id":"20200225_9eea1bcd075de2d0666b4a490e6a6d33","name":"Shrove Tuesday","date":"2020-02-25","observed":"2020-02-25","substitute":false,"start":"2020-02-25T00:00:00Z","end":"2020-02-25T23:59:59Z","type":"observance","public":false,"country":"PL","subdivisions":[]},{"id":"20200226_21ddf9bec774eba80a2636841999b44b","name":"Ash Wednesday","date":"2020-02-26","observed":"2020-02-26","substitute":false,"start":"2020-02-26T00:00:00Z","end":"2020-02-26T23:59:59Z","type":"observance","public":false,"country":"PL","subdivisions":[]},{"id":"20200301_ee482c4c8ed8478191e9eb4ce9f7107e","name":"National \"Cursed Soldiers\" Day","date":"2020-03-01","observed":"2020-03-01","substitute":false,"start":"2020-03-01T00:00:00Z","end":"2020-03-01T23:59:59Z","type":"observance","public":false,"country":"PL","subdivisions":[]},{"id":"20200303_8e7cbf792542a975db30ec30a4345127","name":"World Wildlife Day","date":"2020-03-03","observed":"2020-03-03","substitute":false,"start":"2020-03-03T00:00:00Z","end":"2020-03-03T23:59:59Z","type":"observance","public":false,"country":"PL","subdivisions":[]},{"id":"20200308_af7cd170e833de7b00ba4eb4c78b255a","name":"International Women's Day","date":"2020-03-08","observed":"2020-03-08","substitute":false,"start":"2020-03-08T00:00:00Z","end":"2020-03-08T23:59:59Z","type":"observance","public":false,"country":"PL","subdivisions":[]},{"id":"20200309_0be7d58197d45c237c1014474b911679","name":"Day of Polish Statistics","date":"2020-03-09","observed":"2020-03-09","substitute":false,"start":"2020-03-09T00:00:00Z","end":"2020-03-09T23:59:59Z","type":"observance","public":false,"country":"PL","subdivisions":[]},{"id":"20200310_aa4c29bf3535cc36badd4f3841c21971","name":"International Men's Day","date":"2020-03-10","observed":"2020-03-10","substitute":false,"start":"2020-03-10T00:00:00Z","end":"2020-03-10T23:59:59Z","type":"observance","public":false,"country":"PL","subdivisions":[]},{"id":"20200315_eb689170b65d4d709f6f1cc9055c010d","name":"World Consumer Rights Day","date":"2020-03-15","observed":"2020-03-15","substitute":false,"start":"2020-03-15T00:00:00Z","end":"2020-03-15T23:59:59Z","type":"observance","public":false,"country":"PL","subdivisions":[]},{"id":"20200320_23266d978ef35465c215bfb7f572d663","name":"Earth Day","date":"2020-03-20","observed":"2020-03-20","substitute":false,"start":"2020-03-20T00:00:00Z","end":"2020-03-20T23:59:59Z","type":"observance","public":false,"country":"PL","subdivisions":[]},{"id":"20200320_4ce207eee96a083a86b75f642181f958","name":"March Equinox","date":"2020-03-20","observed":"2020-03-20","substitute":false,"start":"2020-03-20T00:00:00Z","end":"2020-03-20T23:59:59Z","type":"observance","public":false,"country":"PL","subdivisions":[]},{"id":"20200321_eb4c5125b6fc65b5e5fa370094bcdf8f","name":"Truant's Day","date":"2020-03-21","observed":"2020-03-21","substitute":false,"start":"2020-03-21T00:00:00Z","end":"2020-03-21T23:59:59Z","type":"observance","public":false,"country":"PL","subdivisions":[]},{"id":"20200323_6400881749c4a4a649f3e69142479e82","name":"Polish-Hungarian Friendship Day","date":"2020-03-23","observed":"2020-03-23","substitute":false,"start":"2020-03-23T00:00:00Z","end":"2020-03-23T23:59:59Z","type":"observance","public":false,"country":"PL","subdivisions":[]},{"id":"20200324_9253e294aad3fa68f99c70ad100635c6","name":"National Life Day","date":"2020-03-24","observed":"2020-03-24","substitute":false,"start":"2020-03-24T00:00:00Z","end":"2020-03-24T23:59:59Z","type":"observance","public":false,"country":"PL","subdivisions":[]},{"id":"20200406_11ed6ebcf09afbf00c8469b14ee6eaa5","name":"ABW Day","date":"2020-04-06","observed":"2020-04-06","substitute":false,"start":"2020-04-06T00:00:00Z","end":"2020-04-06T23:59:59Z","type":"observance","public":false,"country":"PL","subdivisions":[]},{"id":"20200409_818a03abeb5cebf1074fc7c8dac9f753","name":"Maundy Thursday","date":"2020-04-09","observed":"2020-04-09","substitute":false,"start":"2020-04-09T00:00:00Z","end":"2020-04-09T23:59:59Z","type":"observance","public":false,"country":"PL","subdivisions":[]},{"id":"20200410_23b26c9677b8b402ae443f78daab4b8e","name":"Good Friday","date":"2020-04-10","observed":"2020-04-10","substitute":false,"start":"2020-04-10T00:00:00Z","end":"2020-04-10T23:59:59Z","type":"observance","public":false,"country":"PL","subdivisions":[]},{"id":"20200411_46e5da32b9e613e25693677287539060","name":"Holy Saturday","date":"2020-04-11","observed":"2020-04-11","substitute":false,"start":"2020-04-11T00:00:00Z","end":"2020-04-11T23:59:59Z","type":"observance","public":false,"country":"PL","subdivisions":[]},{"id":"20200412_dba2e05956746a30c8c565c2f9260afc","name":"Easter","date":"2020-04-12","observed":"2020-04-12","substitute":false,"start":"2020-04-12T00:00:00Z","end":"2020-04-12T23:59:59Z","type":"public","public":true,"country":"PL","subdivisions":[]},{"id":"20200413_b738f6e1184bbfa2353bd1069ba7b23d","name":"Easter Monday","date":"2020-04-13","observed":"2020-04-13","substitute":false,"start":"2020-04-13T00:00:00Z","end":"2020-04-13T23:59:59Z","type":"public","public":true,"country":"PL","subdivisions":[]},{"id":"20200413_2178f6fd97627e06d1befedb52b6f899","name":"Katyn Memorial Day","date":"2020-04-13","observed":"2020-04-13","substitute":false,"start":"2020-04-13T00:00:00Z","end":"2020-04-13T23:59:59Z","type":"observance","public":false,"country":"PL","subdivisions":[]},{"id":"20200418_e9d916cc881e6c906539f85702b9a2ff","name":"Coma Patients' Day","date":"2020-04-18","observed":"2020-04-18","substitute":false,"start":"2020-04-18T00:00:00Z","end":"2020-04-18T23:59:59Z","type":"observance","public":false,"country":"PL","subdivisions":[]},{"id":"20200419_85059f0a12c3b191500268e7cecf09ec","name":"Warsaw Ghetto Uprising","date":"2020-04-19","observed":"2020-04-19","substitute":false,"start":"2020-04-19T00:00:00Z","end":"2020-04-19T23:59:59Z","type":"observance","public":false,"country":"PL","subdivisions":[]},{"id":"20200422_6e8d12cc0fcebd50c4d02c61cf9e9dbc","name":"International Mother Earth Day","date":"2020-04-22","observed":"2020-04-22","substitute":false,"start":"2020-04-22T00:00:00Z","end":"2020-04-22T23:59:59Z","type":"observance","public":false,"country":"PL","subdivisions":[]},{"id":"20200428_139b7133cff5c226138e52229a734c65","name":"Day for Safety and Health at Work","date":"2020-04-28","observed":"2020-04-28","substitute":false,"start":"2020-04-28T00:00:00Z","end":"2020-04-28T23:59:59Z","type":"observance","public":false,"country":"PL","subdivisions":[]},{"id":"20200428_2543b8f62e603a1e6caa1758963b0c5c","name":"International Workers' Memorial Day","date":"2020-04-28","observed":"2020-04-28","substitute":false,"start":"2020-04-28T00:00:00Z","end":"2020-04-28T23:59:59Z","type":"observance","public":false,"country":"PL","subdivisions":[]},{"id":"20200501_58ffa7c956a2bcfb612a8da52d0c34c3","name":"EU Accession Day","date":"2020-05-01","observed":"2020-05-01","substitute":false,"start":"2020-05-01T00:00:00Z","end":"2020-05-01T23:59:59Z","type":"observance","public":false,"country":"PL","subdivisions":[]},{"id":"20200501_53341f95daceda491a3c0b45778a5084","name":"Labor Day","date":"2020-05-01","observed":"2020-05-01","substitute":false,"start":"2020-05-01T00:00:00Z","end":"2020-05-01T23:59:59Z","type":"observance","public":false,"country":"PL","subdivisions":[]},{"id":"20200501_2ae5a1459176a80af692cc6870f4078e","name":"State Holiday","date":"2020-05-01","observed":"2020-05-01","substitute":false,"start":"2020-05-01T00:00:00Z","end":"2020-05-01T23:59:59Z","type":"public","public":true,"country":"PL","subdivisions":[]},{"id":"20200502_3c367eb3a4e52e7fa9d83258adf339ab","name":"Flag Day","date":"2020-05-02","observed":"2020-05-02","substitute":false,"start":"2020-05-02T00:00:00Z","end":"2020-05-02T23:59:59Z","type":"observance","public":false,"country":"PL","subdivisions":[]},{"id":"20200502_48d4fcc52ab4950fdcbe2a4c9e492220","name":"Polish Diaspora Day","date":"2020-05-02","observed":"2020-05-02","substitute":false,"start":"2020-05-02T00:00:00Z","end":"2020-05-02T23:59:59Z","type":"observance","public":false,"country":"PL","subdivisions":[]},{"id":"20200503_0e502a4723d7bdde64d97840c371fed7","name":"Constitution Day","date":"2020-05-03","observed":"2020-05-03","substitute":false,"start":"2020-05-03T00:00:00Z","end":"2020-05-03T23:59:59Z","type":"public","public":true,"country":"PL","subdivisions":[]},{"id":"20200504_b3abe44ce4afbe55ab9bc8aa886fa836","name":"Firefighters' Day","date":"2020-05-04","observed":"2020-05-04","substitute":false,"start":"2020-05-04T00:00:00Z","end":"2020-05-04T23:59:59Z","type":"observance","public":false,"country":"PL","subdivisions":[]},{"id":"20200504_91663ced339f67bbc0c17347273b143c","name":"International Firefighters' Day","date":"2020-05-04","observed":"2020-05-04","substitute":false,"start":"2020-05-04T00:00:00Z","end":"2020-05-04T23:59:59Z","type":"observance","public":false,"country":"PL","subdivisions":[]},{"id":"20200508_046d9ca2733ff17fd5ea3b300320dcdc","name":"Victory Day","date":"2020-05-08","observed":"2020-05-08","substitute":false,"start":"2020-05-08T00:00:00Z","end":"2020-05-08T23:59:59Z","type":"observance","public":false,"country":"PL","subdivisions":[]},{"id":"20200509_e2ffefab84d888130eec2dcd3f4a0e35","name":"Europe Day","date":"2020-05-09","observed":"2020-05-09","substitute":false,"start":"2020-05-09T00:00:00Z","end":"2020-05-09T23:59:59Z","type":"observance","public":false,"country":"PL","subdivisions":[]},{"id":"20200516_6a127fe4d540348620922fc7e33e6223","name":"Border Guard's Day","date":"2020-05-16","observed":"2020-05-16","substitute":false,"start":"2020-05-16T00:00:00Z","end":"2020-05-16T23:59:59Z","type":"observance","public":false,"country":"PL","subdivisions":[]},{"id":"20200526_9dda72337acd9d55d11eb606a1ca33cd","name":"Mother's Day","date":"2020-05-26","observed":"2020-05-26","substitute":false,"start":"2020-05-26T00:00:00Z","end":"2020-05-26T23:59:59Z","type":"observance","public":false,"country":"PL","subdivisions":[]},{"id":"20200527_eeab4722194ba35f55316d86f2cc0f5d","name":"Local Government's Day","date":"2020-05-27","observed":"2020-05-27","substitute":false,"start":"2020-05-27T00:00:00Z","end":"2020-05-27T23:59:59Z","type":"observance","public":false,"country":"PL","subdivisions":[]},{"id":"20200529_c762e04d3cfc780010a5efc36759ac35","name":"Veteran of Overseas Military Activities' Day","date":"2020-05-29","observed":"2020-05-29","substitute":false,"start":"2020-05-29T00:00:00Z","end":"2020-05-29T23:59:59Z","type":"observance","public":false,"country":"PL","subdivisions":[]},{"id":"20200529_41f67e8183329fa7163d9ca89aac502f","name":"International Day of United Nations Peacekeepers","date":"2020-05-29","observed":"2020-05-29","substitute":false,"start":"2020-05-29T00:00:00Z","end":"2020-05-29T23:59:59Z","type":"observance","public":false,"country":"PL","subdivisions":[]},{"id":"20200530_5509b4c9712b1b05543aa0e10dbf1693","name":"Foster Care Day","date":"2020-05-30","observed":"2020-05-30","substitute":false,"start":"2020-05-30T00:00:00Z","end":"2020-05-30T23:59:59Z","type":"observance","public":false,"country":"PL","subdivisions":[]},{"id":"20200531_ec43e4c569c06f17983b6fb3fa227728","name":"Pentecost","date":"2020-05-31","observed":"2020-05-31","substitute":false,"start":"2020-05-31T00:00:00Z","end":"2020-05-31T23:59:59Z","type":"public","public":true,"country":"PL","subdivisions":[]},{"id":"20200531_84523fb5a47ef54ced1d6e718b859808","name":"World No Tobacco Day","date":"2020-05-31","observed":"2020-05-31","substitute":false,"start":"2020-05-31T00:00:00Z","end":"2020-05-31T23:59:59Z","type":"observance","public":false,"country":"PL","subdivisions":[]},{"id":"20200601_3e736297497a6ae5b1c7f0f5192fb8d9","name":"Children's Day","date":"2020-06-01","observed":"2020-06-01","substitute":false,"start":"2020-06-01T00:00:00Z","end":"2020-06-01T23:59:59Z","type":"observance","public":false,"country":"PL","subdivisions":[]},{"id":"20200601_aa81dc6ba66bedd6199215e7d5278f87","name":"Day Without Alcohol","date":"2020-06-01","observed":"2020-06-01","substitute":false,"start":"2020-06-01T00:00:00Z","end":"2020-06-01T23:59:59Z","type":"observance","public":false,"country":"PL","subdivisions":[]},{"id":"20200604_e7bc156fbf209f678848acee87050bb3","name":"Day of Freedom and Citizens' Rights","date":"2020-06-04","observed":"2020-06-04","substitute":false,"start":"2020-06-04T00:00:00Z","end":"2020-06-04T23:59:59Z","type":"observance","public":false,"country":"PL","subdivisions":[]},{"id":"20200611_352dd1c8dd2bc673ee98474365bb1f11","name":"Feast of Corpus Christi","date":"2020-06-11","observed":"2020-06-11","substitute":false,"start":"2020-06-11T00:00:00Z","end":"2020-06-11T23:59:59Z","type":"public","public":true,"country":"PL","subdivisions":[]},{"id":"20200612_07de20cdccb571b21a70c052aee8adf4","name":"Government Protection Bureau's Day","date":"2020-06-12","observed":"2020-06-12","substitute":false,"start":"2020-06-12T00:00:00Z","end":"2020-06-12T23:59:59Z","type":"observance","public":false,"country":"PL","subdivisions":[]},{"id":"20200613_d19fdd4a1b2cf8f7a448be4b4870168d","name":"Military Gendarmerie's Day","date":"2020-06-13","observed":"2020-06-13","substitute":false,"start":"2020-06-13T00:00:00Z","end":"2020-06-13T23:59:59Z","type":"observance","public":false,"country":"PL","subdivisions":[]},{"id":"20200614_322b5af041971a7a05aaa3e63212fc97","name":"National Day of Remembrance of Nazi Concentration Camps Victims","date":"2020-06-14","observed":"2020-06-14","substitute":false,"start":"2020-06-14T00:00:00Z","end":"2020-06-14T23:59:59Z","type":"observance","public":false,"country":"PL","subdivisions":[]},{"id":"20200620_db89533e0c9a1b46d662e1c9a8da5c0f","name":"June Solstice","date":"2020-06-20","observed":"2020-06-20","substitute":false,"start":"2020-06-20T00:00:00Z","end":"2020-06-20T23:59:59Z","type":"observance","public":false,"country":"PL","subdivisions":[]},{"id":"20200621_778d8aa3ce8707de44c2aa57ebe5645f","name":"Kupala Night","date":"2020-06-21","observed":"2020-06-21","substitute":false,"start":"2020-06-21T00:00:00Z","end":"2020-06-21T23:59:59Z","type":"observance","public":false,"country":"PL","subdivisions":[]},{"id":"20200623_bc2ce0866e2383b7885a118d80046715","name":"Father's Day","date":"2020-06-23","observed":"2020-06-23","substitute":false,"start":"2020-06-23T00:00:00Z","end":"2020-06-23T23:59:59Z","type":"observance","public":false,"country":"PL","subdivisions":[]},{"id":"20200623_886fc07fbaedc979957e1b14b4c5a506","name":"Saint John's Eve","date":"2020-06-23","observed":"2020-06-23","substitute":false,"start":"2020-06-23T00:00:00Z","end":"2020-06-23T23:59:59Z","type":"observance","public":false,"country":"PL","subdivisions":[]},{"id":"20200628_af88da9f8f5fd451bc40ff041ec1d1df","name":"National Day of Remembrance of Poznań 1956 Protests","date":"2020-06-28","observed":"2020-06-28","substitute":false,"start":"2020-06-28T00:00:00Z","end":"2020-06-28T23:59:59Z","type":"observance","public":false,"country":"PL","subdivisions":[]},{"id":"20200630_b91e33bfcc64cadf058d037b941d7cfa","name":"International Asteroid Day","date":"2020-06-30","observed":"2020-06-30","substitute":false,"start":"2020-06-30T00:00:00Z","end":"2020-06-30T23:59:59Z","type":"observance","public":false,"country":"PL","subdivisions":[]},{"id":"20200701_3f9008381bd731c85cefa68d6c342d73","name":"Dog's Day","date":"2020-07-01","observed":"2020-07-01","substitute":false,"start":"2020-07-01T00:00:00Z","end":"2020-07-01T23:59:59Z","type":"observance","public":false,"country":"PL","subdivisions":[]},{"id":"20200711_cdaf9e2147fd7862525708304423fcc9","name":"National Day of Remembrance of Victims of the Genocide Committed by Ukrainian Nationalists on Citizens of the Second Polish Republic","date":"2020-07-11","observed":"2020-07-11","substitute":false,"start":"2020-07-11T00:00:00Z","end":"2020-07-11T23:59:59Z","type":"observance","public":false,"country":"PL","subdivisions":[]},{"id":"20200718_aa21d1a371ef60363e927339e978e5a9","name":"Nelson Mandela International Day","date":"2020-07-18","observed":"2020-07-18","substitute":false,"start":"2020-07-18T00:00:00Z","end":"2020-07-18T23:59:59Z","type":"observance","public":false,"country":"PL","subdivisions":[]},{"id":"20200724_6a7106f01f2b2e962d51f43591c926ce","name":"Police Day","date":"2020-07-24","observed":"2020-07-24","substitute":false,"start":"2020-07-24T00:00:00Z","end":"2020-07-24T23:59:59Z","type":"observance","public":false,"country":"PL","subdivisions":[]},{"id":"20200731_fb6f7d16c5625cf442942885de277ebf","name":"Treasury Day","date":"2020-07-31","observed":"2020-07-31","substitute":false,"start":"2020-07-31T00:00:00Z","end":"2020-07-31T23:59:59Z","type":"observance","public":false,"country":"PL","subdivisions":[]},{"id":"20200801_a9d82b996f71a0de3d1c30c3a5e83336","name":"National Warsaw Uprising Remembrance Day","date":"2020-08-01","observed":"2020-08-01","substitute":false,"start":"2020-08-01T00:00:00Z","end":"2020-08-01T23:59:59Z","type":"observance","public":false,"country":"PL","subdivisions":[]},{"id":"20200802_1da2bd360a7175b1be7bbfbdb8a1e963","name":"Genocide Remembrance Day of the Roma and Sinti","date":"2020-08-02","observed":"2020-08-02","substitute":false,"start":"2020-08-02T00:00:00Z","end":"2020-08-02T23:59:59Z","type":"observance","public":false,"country":"PL","subdivisions":[]},{"id":"20200814_9decf841b8b3099eb9a4c600bb4f007d","name":"Power Engineer's Day","date":"2020-08-14","observed":"2020-08-14","substitute":false,"start":"2020-08-14T00:00:00Z","end":"2020-08-14T23:59:59Z","type":"observance","public":false,"country":"PL","subdivisions":[]},{"id":"20200815_b4c0a1199b612eda220868178ddd9156","name":"Armed Forces Day","date":"2020-08-15","observed":"2020-08-15","substitute":false,"start":"2020-08-15T00:00:00Z","end":"2020-08-15T23:59:59Z","type":"observance","public":false,"country":"PL","subdivisions":[]},{"id":"20200815_a4a161cf413be0768b4387013be47656","name":"Assumption of Mary","date":"2020-08-15","observed":"2020-08-15","substitute":false,"start":"2020-08-15T00:00:00Z","end":"2020-08-15T23:59:59Z","type":"public","public":true,"country":"PL","subdivisions":[]},{"id":"20200829_12d9668bc7e95e633ef605fbb7b1324b","name":"Municipal Police's Day","date":"2020-08-29","observed":"2020-08-29","substitute":false,"start":"2020-08-29T00:00:00Z","end":"2020-08-29T23:59:59Z","type":"observance","public":false,"country":"PL","subdivisions":[]},{"id":"20200831_90d9cd90db830a96a08a730cf424c070","name":"Day of Solidarity and Freedom","date":"2020-08-31","observed":"2020-08-31","substitute":false,"start":"2020-08-31T00:00:00Z","end":"2020-08-31T23:59:59Z","type":"observance","public":false,"country":"PL","subdivisions":[]},{"id":"20200901_a0a0fd6b353d3fa5017b591614da85e9","name":"Veterans Day","date":"2020-09-01","observed":"2020-09-01","substitute":false,"start":"2020-09-01T00:00:00Z","end":"2020-09-01T23:59:59Z","type":"observance","public":false,"country":"PL","subdivisions":[]},{"id":"20200901_a9c36c537d47335bb4837d4df0ea12a3","name":"The Day Germany Invaded Poland in 1939","date":"2020-09-01","observed":"2020-09-01","substitute":false,"start":"2020-09-01T00:00:00Z","end":"2020-09-01T23:59:59Z","type":"observance","public":false,"country":"PL","subdivisions":[]},{"id":"20200917_bf826d4be7ed54a1bb05f10dfb55cfd6","name":"Sybirak's Day","date":"2020-09-17","observed":"2020-09-17","substitute":false,"start":"2020-09-17T00:00:00Z","end":"2020-09-17T23:59:59Z","type":"observance","public":false,"country":"PL","subdivisions":[]},{"id":"20200917_91652f9836be8bea90e6d016ac460730","name":"The Day Russia Invaded Poland in 1939","date":"2020-09-17","observed":"2020-09-17","substitute":false,"start":"2020-09-17T00:00:00Z","end":"2020-09-17T23:59:59Z","type":"observance","public":false,"country":"PL","subdivisions":[]},{"id":"20200921_4647916ad522a314dca16e9ee2df2c24","name":"Customs Service Day","date":"2020-09-21","observed":"2020-09-21","substitute":false,"start":"2020-09-21T00:00:00Z","end":"2020-09-21T23:59:59Z","type":"observance","public":false,"country":"PL","subdivisions":[]},{"id":"20200922_64f1fd933b470e1073df4ccaebe2f24e","name":"September Equinox","date":"2020-09-22","observed":"2020-09-22","substitute":false,"start":"2020-09-22T00:00:00Z","end":"2020-09-22T23:59:59Z","type":"observance","public":false,"country":"PL","subdivisions":[]},{"id":"20200922_3c7039b40e6c8ca65c80be4b03068ef7","name":"World Car-Free Day","date":"2020-09-22","observed":"2020-09-22","substitute":false,"start":"2020-09-22T00:00:00Z","end":"2020-09-22T23:59:59Z","type":"observance","public":false,"country":"PL","subdivisions":[]},{"id":"20200927_24225017015314e1ea858227d7b3f035","name":"Polish Underground State's Day","date":"2020-09-27","observed":"2020-09-27","substitute":false,"start":"2020-09-27T00:00:00Z","end":"2020-09-27T23:59:59Z","type":"observance","public":false,"country":"PL","subdivisions":[]},{"id":"20200930_e57a0446fd4a062d88c1d8aae47818e5","name":"Boy's Day","date":"2020-09-30","observed":"2020-09-30","substitute":false,"start":"2020-09-30T00:00:00Z","end":"2020-09-30T23:59:59Z","type":"observance","public":false,"country":"PL","subdivisions":[]},{"id":"20201004_e4ad63fe9d1af55831967970cc17eda9","name":"Animals' Day","date":"2020-10-04","observed":"2020-10-04","substitute":false,"start":"2020-10-04T00:00:00Z","end":"2020-10-04T23:59:59Z","type":"observance","public":false,"country":"PL","subdivisions":[]},{"id":"20201004_8e369bee7f851f4098fb6182930062e9","name":"World Animal Day","date":"2020-10-04","observed":"2020-10-04","substitute":false,"start":"2020-10-04T00:00:00Z","end":"2020-10-04T23:59:59Z","type":"observance","public":false,"country":"PL","subdivisions":[]},{"id":"20201013_9c9d9caff234858631e7110a004f2cd6","name":"Paramedics' Day","date":"2020-10-13","observed":"2020-10-13","substitute":false,"start":"2020-10-13T00:00:00Z","end":"2020-10-13T23:59:59Z","type":"observance","public":false,"country":"PL","subdivisions":[]},{"id":"20201014_3fdb850ddf0da8134e300837a03210e3","name":"Teachers' Day","date":"2020-10-14","observed":"2020-10-14","substitute":false,"start":"2020-10-14T00:00:00Z","end":"2020-10-14T23:59:59Z","type":"observance","public":false,"country":"PL","subdivisions":[]},{"id":"20201016_1d1a135fe2d7b5fecb7db66df78eae83","name":"Pope John Paul II Day","date":"2020-10-16","observed":"2020-10-16","substitute":false,"start":"2020-10-16T00:00:00Z","end":"2020-10-16T23:59:59Z","type":"observance","public":false,"country":"PL","subdivisions":[]},{"id":"20201018_ca508f94f5cccf8eee3041960e799507","name":"Postman's Day","date":"2020-10-18","observed":"2020-10-18","substitute":false,"start":"2020-10-18T00:00:00Z","end":"2020-10-18T23:59:59Z","type":"observance","public":false,"country":"PL","subdivisions":[]},{"id":"20201025_8152df263024a73a60120363957fe60c","name":"Mongrel's Day","date":"2020-10-25","observed":"2020-10-25","substitute":false,"start":"2020-10-25T00:00:00Z","end":"2020-10-25T23:59:59Z","type":"observance","public":false,"country":"PL","subdivisions":[]},{"id":"20201031_b77abacea353fac679177fa3c04eb31d","name":"Halloween","date":"2020-10-31","observed":"2020-10-31","substitute":false,"start":"2020-10-31T00:00:00Z","end":"2020-10-31T23:59:59Z","type":"observance","public":false,"country":"PL","subdivisions":[]},{"id":"20201101_bc918108156a1c419a034bd91a0aa7ef","name":"All Saints' Day","date":"2020-11-01","observed":"2020-11-01","substitute":false,"start":"2020-11-01T00:00:00Z","end":"2020-11-01T23:59:59Z","type":"public","public":true,"country":"PL","subdivisions":[]},{"id":"20201111_16d36a352a486d69f9e0b6b2712e58ed","name":"National Independence Day","date":"2020-11-11","observed":"2020-11-11","substitute":false,"start":"2020-11-11T00:00:00Z","end":"2020-11-11T23:59:59Z","type":"public","public":true,"country":"PL","subdivisions":[]},{"id":"20201111_3fd20c0dfc8e104c7f60c3a56de70254","name":"Civil Service Day","date":"2020-11-11","observed":"2020-11-11","substitute":false,"start":"2020-11-11T00:00:00Z","end":"2020-11-11T23:59:59Z","type":"observance","public":false,"country":"PL","subdivisions":[]},{"id":"20201121_43a8e1b73bf11f6fba6d1be82fb6dd84","name":"Social Workers' Day","date":"2020-11-21","observed":"2020-11-21","substitute":false,"start":"2020-11-21T00:00:00Z","end":"2020-11-21T23:59:59Z","type":"observance","public":false,"country":"PL","subdivisions":[]},{"id":"20201129_2c53e746045b49fcef81a88e22481289","name":"Saint Andrew's Day","date":"2020-11-29","observed":"2020-11-29","substitute":false,"start":"2020-11-29T00:00:00Z","end":"2020-11-29T23:59:59Z","type":"observance","public":false,"country":"PL","subdivisions":[]},{"id":"20201204_becb4f7a443c81a9b4e7b6d4e2fa7442","name":"Miners' Day","date":"2020-12-04","observed":"2020-12-04","substitute":false,"start":"2020-12-04T00:00:00Z","end":"2020-12-04T23:59:59Z","type":"observance","public":false,"country":"PL","subdivisions":[]},{"id":"20201206_c5fef7f29940d1f3eef342b7c4fca39d","name":"Saint Nicholas' Day","date":"2020-12-06","observed":"2020-12-06","substitute":false,"start":"2020-12-06T00:00:00Z","end":"2020-12-06T23:59:59Z","type":"observance","public":false,"country":"PL","subdivisions":[]},{"id":"20201213_165954763d5cdfad45a24ba2f941c5dc","name":"Martial Law Victims Remembrance Day","date":"2020-12-13","observed":"2020-12-13","substitute":false,"start":"2020-12-13T00:00:00Z","end":"2020-12-13T23:59:59Z","type":"observance","public":false,"country":"PL","subdivisions":[]},{"id":"20201221_23c247d82581b9cafe522482f7d8e980","name":"December Solstice","date":"2020-12-21","observed":"2020-12-21","substitute":false,"start":"2020-12-21T00:00:00Z","end":"2020-12-21T23:59:59Z","type":"observance","public":false,"country":"PL","subdivisions":[]},{"id":"20201224_b81a81c454c8ccae1a4c753458093817","name":"Christmas Eve","date":"2020-12-24","observed":"2020-12-24","substitute":false,"start":"2020-12-24T00:00:00Z","end":"2020-12-24T23:59:59Z","type":"observance","public":false,"country":"PL","subdivisions":[]},{"id":"20201225_a45dfa9c62f007ee0b6cd0ace71fc3c7","name":"Christmas Day","date":"2020-12-25","observed":"2020-12-25","substitute":false,"start":"2020-12-25T00:00:00Z","end":"2020-12-25T23:59:59Z","type":"public","public":true,"country":"PL","subdivisions":[]},{"id":"20201226_9fb2ba625bbdd24ef99a523d5953fa2d","name":"Saint Stephen's Day","date":"2020-12-26","observed":"2020-12-26","substitute":false,"start":"2020-12-26T00:00:00Z","end":"2020-12-26T23:59:59Z","type":"observance","public":false,"country":"PL","subdivisions":[]},{"id":"20201226_1385a807cf5fc878760a0b38df13007f","name":"Second Day of Christmastide","date":"2020-12-26","observed":"2020-12-26","substitute":false,"start":"2020-12-26T00:00:00Z","end":"2020-12-26T23:59:59Z","type":"public","public":true,"country":"PL","subdivisions":[]},{"id":"20201231_46d49b26792c30161bbb0e9dc677082c","name":"New Year's Eve","date":"2020-12-31","observed":"2020-12-31","substitute":false,"start":"2020-12-31T00:00:00Z","end":"2020-12-31T23:59:59Z","type":"observance","public":false,"country":"PL","subdivisions":[]}],"availableFilters":{"language":["af","am","ar","az","be","bg","bn","bs","ca","ceb","co","cs","cy","da","de","el","en","eo","es","et","eu","fa","fi","fr","fy","ga","gd","gl","gu","ha","haw","he","hi","hmn","hr","ht","hu","hy","id","ig","is","it","ja","jw","ka","kk","km","kn","ko","ku","ky","la","lb","lo","lt","lv","mg","mi","mk","ml","mn","mr","ms","mt","my","ne","nl","no","ny","or","pa","pl","ps","pt","ro","ru","rw","sd","si","sk","sl","sm","sn","so","sq","sr","st","su","sv","sw","ta","te","tg","th","tk","tl","tr","tt","ug","uk","ur","uz","vi","xh","yi","yo","zh","zh-TW","zu"]}}